"keyword","volume","kd","intent","cpc","seed"
"best workout apps free",9900,53,"informational",4.34,"free workout tracker"
"garmin fitness tracker",9900,27,"transactional",1.07,"workout log app"
"bodyweight exercises for beginners",8100,23,"informational",3.17,"bodyweight workout plan"
"nike training club",6600,42,"navigational",5.46,"free workout tracker"
"strong app",3600,13,"navigational",3.93,"free workout tracker"
"6 day gym workout schedule",2900,0,"informational",1.57,"bodyweight workout plan"
"workout routines for beginners at home",2900,34,"informational",6.38,"bodyweight workout plan"
"best workout tracker app",2400,63,"commercial",2.54,"workout log app"
"bodyweight exercises at home",1900,30,"informational",4.1,"bodyweight workout plan"
"bodyweight workout plan",1900,20,"informational",4.22,"bodyweight workout plan"
"calisthenics workout plan pdf",1900,0,"informational",1.04,"bodyweight workout plan"
"fitness journal",1900,0,"informational",0.63,"workout log app"
"walmart journals",1900,0,"informational",0.13,"workout log app"
"walmart planners",1900,0,"navigational",0.1,"workout log app"
"best fitness watch for android",1600,30,"commercial",1.79,"workout log app"
"best workout log app",1600,61,"informational",2.79,"workout log app"
"workout log",1600,45,"informational",0.53,"workout log app"
"free military calisthenics workout for women",1300,0,"transactional",3.41,"bodyweight workout plan"
"free workout apps without subscription",1300,29,"informational",4.72,"free workout tracker"
"most accurate fitness tracker",1300,31,"commercial",1.95,"workout log app"
"free military workout plan",1000,0,"informational",2.78,"bodyweight workout plan"
"workout log app",1000,63,"transactional",1.99,"workout log app"
"workout tracker app free",1000,61,"informational",2.22,"workout log app"
"workout tracking app free",1000,61,"informational",2.22,"free workout tracker"
"best fitness tracker without subscription",880,25,"commercial",2.09,"workout log app"
"best free workout tracker app",880,61,"commercial",2.76,"free workout tracker"
"strong workout app",880,43,"transactional",3.76,"free workout tracker"
"bodyweight workout plan pdf",720,15,"informational",2.4,"bodyweight workout plan"
"female workout plan pdf free",720,10,"informational",4.78,"bodyweight workout plan"
"fitnotes",720,15,"informational",4.44,"workout log app"
"full body workout at home equipment",720,0,"transactional",1.89,"bodyweight workout plan"
"military workout program pdf free download",720,0,"navigational",2.29,"bodyweight workout plan"
"workout log book",720,0,"informational",0.51,"workout log app"
"boostcamp app",590,8,"navigational",4.75,"free workout tracker"
"how to start exercising again",590,9,"informational",9.53,"workout log app"
"free printable military calisthenics workout plan",480,0,"transactional",1.87,"bodyweight workout plan"
"free workout tracker",480,63,"informational",2.39,"free workout tracker"
"workout journal app",480,63,"transactional",2.1,"workout log app"
"workout for beginners at home female",390,34,"informational",7.27,"bodyweight workout plan"
"workout tracker template",390,4,"informational",0.15,"workout log app"
"best fitness tracker bracelet",320,47,"commercial",3.4,"workout log app"
"fitness app iphone free",320,39,"informational",3.12,"free workout tracker"
"fitnotes app",320,15,"navigational",5.54,"workout log app"
"full body workout for beginners female",320,26,"informational",2.46,"bodyweight workout plan"
"strong workout tracker",320,44,"transactional","","workout log app"
"strong workout tracker gym log",320,44,"informational",6.87,"workout log app"
"best weight training app free",260,63,"commercial",4.11,"free workout tracker"
"free workout log app",260,61,"informational",1.72,"workout log app"
"full body workout at home for beginners",260,23,"informational",4.51,"bodyweight workout plan"
"gym workout plan pdf download free",260,4,"informational",3.3,"bodyweight workout plan"
"workout journal template",260,5,"informational",0.21,"workout log app"
"workout log app free",260,63,"informational",1.72,"free workout tracker"
"28 day military calisthenics workout",210,0,"informational",3.2,"bodyweight workout plan"
"30 minute full body workout no equipment",210,7,"informational",6.89,"bodyweight workout plan"
"apple fitness app free",210,46,"informational",2.28,"free workout tracker"
"free military calisthenics workout plan",210,0,"commercial",2.85,"bodyweight workout plan"
"free printable simple workout log",210,7,"informational",3.18,"workout log app"
"full body workout at home for men",210,16,"informational",1.51,"bodyweight workout plan"
"home workout plan without equipment",210,36,"informational",6.73,"bodyweight workout plan"
"military calisthenics workout pdf free download female",210,0,"transactional",2.8,"bodyweight workout plan"
"workout planner template free",210,10,"informational",2.39,"workout log app"
"28 day military workout plan pdf",170,0,"informational",1.3,"bodyweight workout plan"
"4 week military workout program pdf free download",170,0,"informational",3.18,"bodyweight workout plan"
"bodyweight workout plan for beginners",170,16,"informational",9.86,"bodyweight workout plan"
"free bodyweight workout plan",170,14,"informational",6.43,"bodyweight workout plan"
"free workout log",170,63,"informational",3.26,"workout log app"
"full body bodyweight workout no equipment",170,19,"informational",2.97,"bodyweight workout plan"
"full body workout without equipment pdf",170,4,"informational",1.58,"bodyweight workout plan"
"simple workout log",170,28,"informational",0.08,"free workout tracker"
"strong app review",170,3,"commercial","","free workout tracker"
"workout apps for free",170,70,"informational",4.27,"workout log app"
"12 week bodyweight workout plan pdf",140,0,"informational",6.87,"bodyweight workout plan"
"30 day muscle building workout plan at home",140,13,"informational",4.9,"bodyweight workout plan"
"8-week military fitness program",140,0,"informational",1.56,"bodyweight workout plan"
"best free workout app reddit",140,0,"informational",1.63,"workout log app"
"best free workout apps for beginners at home",140,20,"commercial",8.64,"workout log app"
"best free workout tracker",140,61,"commercial",1.97,"free workout tracker"
"best workout tracker app reddit",140,4,"informational","","workout log app"
"free printable workout log sheets pdf",140,8,"informational",2.08,"workout log app"
"simple workout log app",140,44,"informational",0.38,"workout log app"
"weight lifting tracker app free",140,63,"informational",2.47,"free workout tracker"
"workout journal app free",140,61,"transactional",2.16,"free workout tracker"
"workout log template excel",140,0,"informational",0.08,"workout log app"
"workout tracker template excel",140,0,"informational",0.05,"workout log app"
"90 day home workout plan pdf",110,0,"informational",3.31,"bodyweight workout plan"
"best workout tracker app free",110,63,"commercial",3.23,"workout log app"
"best workout tracking app free",110,39,"commercial",3.23,"free workout tracker"
"free printable military calisthenics workout plan pdf",110,"","transactional",2.19,"bodyweight workout plan"
"free workout app reddit",110,0,"informational",2.65,"workout log app"
"gym workout plan pdf download with pictures",110,4,"informational",0.73,"bodyweight workout plan"
"12 week workout plan pdf",90,0,"informational","","bodyweight workout plan"
"28 day military calisthenics workout plan pdf",90,0,"informational",1.73,"bodyweight workout plan"
"28 day military workout challenge pdf free download",90,0,"transactional",2.48,"bodyweight workout plan"
"best health app for iphone free",90,28,"informational",3.98,"free workout tracker"
"best workout tracker watch",90,35,"commercial",2.64,"workout log app"
"bodyweight workout plan for beginners pdf",90,3,"informational",0.71,"bodyweight workout plan"
"fitnotes gym workout log",90,15,"informational",0.83,"workout log app"
"full body workout at home without equipment male",90,20,"informational",2.48,"bodyweight workout plan"
"gym workout apps free download",90,48,"transactional",3,"free workout tracker"
"hardy app",90,4,"informational",1.2,"workout log app"
"home workout plan for beginners pdf",90,15,"informational",5.98,"bodyweight workout plan"
"military bodyweight workout plan pdf",90,1,"informational",1.2,"bodyweight workout plan"
"strong vs hevy app",90,2,"informational",0.02,"free workout tracker"
"workout journal book",90,0,"transactional",0.67,"workout log app"
"workout journal with exercises",90,0,"informational",1.24,"workout log app"
"workout planner book",90,0,"transactional",0.57,"workout log app"
"best free workout log app",70,61,"informational",0.83,"free workout tracker"
"daily workout log",70,15,"informational",0.09,"workout log app"
"full body workout plan pdf free download",70,17,"transactional",4.01,"bodyweight workout plan"
"nike training club netflix",70,18,"navigational","","free workout tracker"
"printable bodyweight workout plan pdf",70,0,"informational",0.8,"bodyweight workout plan"
"strong app free",70,37,"informational",3.92,"free workout tracker"
"strong app login",70,7,"navigational","","free workout tracker"
"best home workout app reddit",50,0,"informational",3.18,"workout log app"
"female workout plan at home pdf",50,13,"informational",6.5,"bodyweight workout plan"
"free 28 day military workout challenge",50,0,"informational",3.6,"bodyweight workout plan"
"free 28-day military calisthenics challenge pdf free download",50,"","transactional",2.03,"bodyweight workout plan"
"free workout tracker apps without subscription",50,"","commercial",3.12,"free workout tracker"
"full body workout at home without equipment female",50,18,"informational",6.35,"bodyweight workout plan"
"full body workout plan pdf at home",50,15,"informational",10.56,"bodyweight workout plan"
"gym workout plan for beginners pdf free download",50,10,"informational",3.79,"bodyweight workout plan"
"military calisthenics workout for beginners pdf",50,0,"transactional",0.74,"bodyweight workout plan"
"nike training club reviews",50,16,"informational","","free workout tracker"
"strong app reddit",50,2,"navigational","","free workout tracker"
"weight loss tracker excel template free download",50,0,"informational","","workout log app"
"28 day military workout plan pdf free download",40,"","transactional",2.8,"bodyweight workout plan"
"90 day transformation workout plan pdf male",40,0,"informational","","bodyweight workout plan"
"diet minder",40,7,"informational",2.88,"workout log app"
"fitness journal near me",40,0,"informational",0.28,"workout log app"
"food and exercise journal pdf free download",40,0,"informational",2.1,"workout log app"
"free bodyweight workout plan pdf",40,5,"informational",6.76,"bodyweight workout plan"
"free workout plan template word pdf",40,15,"informational",0.44,"workout log app"
"hevy app free",40,"","informational","","workout log app"
"is strong app free",40,11,"informational","","free workout tracker"
"nike training club reddit",40,14,"navigational","","free workout tracker"
"workout log free printable",40,2,"informational",1.47,"free workout tracker"
"workout tracker app free reddit",40,8,"informational","","free workout tracker"
"workout tracker template google sheets",40,0,"informational",0.14,"workout log app"
"30 minute bodyweight workout pdf free download",30,0,"transactional",3.75,"bodyweight workout plan"
"30-minute bodyweight workout pdf free download",30,0,"transactional",3.75,"bodyweight workout plan"
"best free workout tracker app reddit",30,0,"informational","","free workout tracker"
"best workout log app free",30,63,"commercial",3.14,"workout log app"
"free printable military calisthenics workout plan for beginners",30,"","commercial",1.38,"bodyweight workout plan"
"full bodyweight workout plan pdf",30,3,"informational",17.85,"bodyweight workout plan"
"military workout program free",30,1,"informational",2.67,"bodyweight workout plan"
"nike training club yoga",30,27,"navigational","","free workout tracker"
"strong app android",30,60,"navigational","","free workout tracker"
"strong app website",30,44,"navigational","","free workout tracker"
"workout journal pdf free download",30,1,"transactional","","free workout tracker"
"workout log book pdf",30,3,"informational",0.49,"workout log app"
"workout log template pdf",30,5,"informational",0.27,"workout log app"
"12 week military workout program pdf free download no equipment",20,"","informational","","bodyweight workout plan"
"2026 workout tracker free printable pdf",20,"","commercial","","workout log app"
"30 day military workout program pdf free download for beginners",20,"","informational",1.94,"bodyweight workout plan"
"7-day gym workout plan pdf download",20,11,"transactional","","bodyweight workout plan"
"90 day home workout plan pdf free download",20,"","informational","","bodyweight workout plan"
"best workout log book",20,21,"informational",0.63,"workout log app"
"bodyweight workout for beginners female",20,26,"informational",1.15,"bodyweight workout plan"
"daily workout log pdf",20,7,"informational",0.02,"workout log app"
"daily workout log pdf free download",20,"","transactional",1.46,"workout log app"
"fitnotes android",20,18,"navigational","","workout log app"
"fitnotes iphone",20,50,"informational","","workout log app"
"free printable military calisthenics workout plan for women pdf",20,"","commercial",2.18,"bodyweight workout plan"
"free workout tracker template",20,"","informational",1.19,"free workout tracker"
"full body workout at home without equipment male pdf",20,15,"informational",7.29,"bodyweight workout plan"
"how to make a workout plan on excel",20,1,"informational",0.06,"workout log app"
"nike training club web",20,60,"navigational","","free workout tracker"
"strong app desktop",20,"","navigational","","free workout tracker"
"strong app lifetime membership",20,"","navigational","","free workout tracker"
"weekly workout log pdf",20,6,"informational",0.02,"workout log app"
"workout log book app",20,61,"transactional",2.71,"workout log app"
"workout log book template",20,4,"informational","","workout log app"
"workout log online",20,62,"informational",1.37,"workout log app"
"28 day military workout challenge free printable",10,"","commercial",1.51,"bodyweight workout plan"
"28 day military workout challenge pdf free download female",10,"","transactional",2.42,"bodyweight workout plan"
"30 day bodyweight workout plan pdf",10,50,"informational",0.09,"bodyweight workout plan"
"30 day military calisthenics workout pdf free download female",10,"","transactional",1.69,"bodyweight workout plan"
"30 day military workout program pdf free download female",10,"","transactional",3.16,"bodyweight workout plan"
"30 minute bodyweight workout calories",10,"","informational","","bodyweight workout plan"
"30 minute bodyweight workout for beginners",10,49,"informational","","bodyweight workout plan"
"4 week bodyweight workout plan pdf",10,14,"informational","","bodyweight workout plan"
"4 week military workout program pdf free download no equipment",10,"","informational","","bodyweight workout plan"
"4 week workout plan template excel",10,"","informational","","workout log app"
"90 day home workout plan pdf no equipment",10,"","informational","","bodyweight workout plan"
"beginners bodyweight workout plan pdf",10,3,"informational","","bodyweight workout plan"
"best free fitness tracker app for iphone",10,64,"informational",2,"free workout tracker"
"best free workout log",10,"","informational","","workout log app"
"best free workout log app ios",10,"","informational","","free workout tracker"
"best free workout log app reddit",10,"","informational","","free workout tracker"
"best free workout tracker app ios",10,"","commercial","","free workout tracker"
"best free workout tracker reddit",10,"","informational","","free workout tracker"
"best workout log app ios",10,"","informational","","workout log app"
"best workout log app reddit",10,19,"informational","","workout log app"
"best workout tracker app free reddit",10,0,"informational","","free workout tracker"
"bodybuilding excel template",10,"","informational","","workout log app"
"bodyweight workout plan at home",10,21,"informational","","bodyweight workout plan"
"bodyweight workout plan no equipment",10,26,"informational","","bodyweight workout plan"
"bodyweight workout plan pdf reddit",10,63,"informational","","bodyweight workout plan"
"bodyweight workout plan to build muscle pdf",10,32,"informational","","bodyweight workout plan"
"fitness online excel workout template",10,"","informational","","workout log app"
"fitnotes apple",10,"","informational","","workout log app"
"fitnotes github",10,"","navigational","","workout log app"
"fitnotes reddit",10,52,"informational","","workout log app"
"fitnotes vs fitnotes 2",10,"","commercial","","workout log app"
"free bodyweight workout plan pdf no equipment",10,"","informational","","bodyweight workout plan"
"free printable military calisthenics workout plan for men",10,"","transactional",3.75,"bodyweight workout plan"
"free printable workout log sheets pdf free download",10,"","transactional","","workout log app"
"free weight training app for beginners",10,"","informational",1.56,"free workout tracker"
"free workout tracker online",10,"","informational",1.81,"free workout tracker"
"free workout tracker pdf",10,"","informational","","free workout tracker"
"full body workout at home without equipment male for beginners",10,"","informational","","bodyweight workout plan"
"full body workout plan pdf at home no equipment",10,"","informational","","bodyweight workout plan"
"full body workout plan pdf free download with weights",10,"","transactional",3.78,"bodyweight workout plan"
"home workout plan pdf with pictures",10,"","informational",1.14,"bodyweight workout plan"
"military calisthenics workout plan pdf free download",10,"","informational",1.6,"bodyweight workout plan"
"nike training club apk",10,48,"transactional","","free workout tracker"
"nike training club download",10,58,"transactional","","free workout tracker"
"nike training club for windows",10,"","navigational","","free workout tracker"
"pen and gear leatherette journal",10,0,"transactional",0.39,"workout log app"
"simple workout log app iphone",10,"","navigational","","workout log app"
"simple workout log free",10,"","informational",5.88,"workout log app"
"simple workout log iphone",10,"","informational","","workout log app"
"simple workout log template",10,8,"informational","","workout log app"
"strong app alternative reddit",10,"","informational","","free workout tracker"
"strong app download",10,"","transactional","","free workout tracker"
"strong app free vs pro",10,2,"commercial","","free workout tracker"
"strong app review reddit",10,19,"informational","","free workout tracker"
"strong app subscription",10,19,"transactional","","free workout tracker"
"strong vs stronger app",10,"","commercial","","free workout tracker"
"strong workout app review",10,1,"informational","","workout log app"
"walmart weekly/monthly planner",10,0,"navigational",0.03,"workout log app"
"weekly workout tracker template",10,72,"informational",0.03,"workout log app"
"workout journal app free iphone",10,"","navigational","","free workout tracker"
"workout journal template free",10,55,"informational","","workout log app"
"workout journal walmart",10,48,"informational",0.04,"workout log app"
"workout log app for iphone",10,62,"transactional","","workout log app"
"workout log app reddit",10,19,"navigational","","workout log app"
"workout log book amazon",10,19,"informational",0.35,"workout log app"
"workout log book barnes and noble",10,16,"informational","","workout log app"
"workout log book online",10,55,"informational","","workout log app"
"workout log book walmart",10,48,"transactional",0.01,"workout log app"
"workout tracker template free",10,3,"informational","","workout log app"
"workout tracker template notion",10,0,"navigational","","workout log app"
"workout tracker template pdf",10,"","informational","","workout log app"
"workout tracking app free reddit",10,"","informational","","free workout tracker"
"yearly workout tracker printable free",10,"","transactional","","workout log app"
"best workout log book app","","","commercial","","workout log app"
"pocket calendar 2021 walmart",0,47,"transactional","","workout log app"
"weight training log book app","","","transactional","","workout log app"
